[{"name":"theme_info","theme_name":"Prestige","theme_author":"Maestrooo","theme_version":"1.1.1","theme_documentation_url":"http:\/\/support.maestrooo.com\/","theme_support_email":"shopify-support@maestrooo.com"},{"name":"Colors","settings":[{"type":"header","content":"General"},{"type":"color","id":"heading_color","label":"Heading","default":"#1c1b1b"},{"type":"color","id":"text_color","label":"Body text","default":"#1c1b1b"},{"type":"color","id":"text_light_color","label":"Body light text","default":"#6a6a6a"},{"type":"color","id":"link_color","label":"Link color","default":"#6a6a6a"},{"type":"color","id":"background","label":"Background","default":"#eaeaea"},{"type":"color","id":"light_background","label":"Light background","default":"#ffffff"},{"type":"color","id":"product_on_sale_color","label":"On sale accent","default":"#f94c43"},{"type":"header","content":"Buttons"},{"type":"color","id":"button_background","label":"Background","default":"#1c1b1b"},{"type":"color","id":"button_text_color","label":"Text","default":"#ffffff"},{"type":"header","content":"Header"},{"type":"color","id":"header_background","label":"Background","default":"#ffffff"},{"type":"color","id":"header_heading_color","label":"Heading and icons","default":"#1c1b1b"},{"type":"color","id":"header_light_color","label":"Light text","default":"#6a6a6a"},{"type":"header","content":"Footer"},{"type":"color","id":"footer_background","label":"Background","default":"#ffffff"},{"type":"color","id":"footer_heading_color","label":"Heading","default":"#1c1b1b"},{"type":"color","id":"footer_text_color","label":"Text","default":"#6a6a6a"},{"type":"header","content":"Sidebar navigation"},{"type":"color","id":"navigation_background","label":"Background","default":"#1c1b1b"},{"type":"color","id":"navigation_text_color","label":"Text","default":"#ffffff"},{"type":"header","content":"Newsletter popup"},{"type":"color","id":"newsletter_popup_background","label":"Background","default":"#1c1b1b"},{"type":"color","id":"newsletter_popup_text_color","label":"Text","default":"#ffffff"},{"type":"header","content":"Secondary elements","info":"This is used in modals and other secondary elements."},{"type":"color","id":"secondary_elements_background","label":"Background","default":"#1c1b1b"},{"type":"color","id":"secondary_elements_text_color","label":"Text","default":"#ffffff"}]},{"name":"Typography","settings":[{"type":"header","content":"Headings"},{"type":"font_picker","id":"heading_font","label":"Font","default":"helvetica_n4"},{"type":"select","id":"heading_size","label":"Size","info":"All headings (small and large) will be adjusted.","options":[{"value":"small","label":"Small"},{"value":"normal","label":"Normal"},{"value":"large","label":"Large"}],"default":"small"},{"type":"checkbox","id":"uppercase_heading","label":"Display headings in uppercase","default":true},{"type":"header","content":"Body text"},{"type":"font_picker","id":"text_font","label":"Font","default":"helvetica_n4"},{"type":"range","id":"base_text_font_size","label":"Base size","min":13,"max":17,"unit":"px","default":14}]},{"name":"Currency conversion","settings":[{"type":"checkbox","id":"currency_conversion_enabled","label":"Enable currency conversion","default":false},{"type":"checkbox","id":"currency_conversion_round_amounts","label":"Round converted amounts","default":true},{"type":"text","id":"currency_conversion_supported_currencies","label":"Supported currencies","info":"List of currencies to display. You must separate each currencies by an empty space, and use the ISO 4217 3-letter code. Example: USD CAD EUR. All the possible values are [listed here](http:\/\/bit.ly\/1C4cZ3w).","default":"USD CAD EUR GBP"},{"type":"select","id":"currency_conversion_money_format","label":"Money format","options":[{"value":"money_format","label":"Money ($10)"},{"value":"money_with_currency_format","label":"Money with currency ($10 USD)"}],"default":"money_format"}]},{"name":"Animation","settings":[{"type":"checkbox","id":"show_page_transition","label":"Show page transition","default":true},{"type":"checkbox","id":"show_image_zooming","label":"Show image loading zoom effect","default":true},{"type":"checkbox","id":"show_element_staggering","label":"Reveal elements one by one","info":"This setting displays blog post and product grid element one after the other.","default":true}]},{"name":"Search","settings":[{"type":"select","id":"search_mode","label":"Search only...","options":[{"value":"product","label":"Products only"},{"value":"product,page","label":"Products and pages"},{"value":"product,article","label":"Products and articles"},{"value":"product,article,page","label":"Products, articles and pages"}],"default":"product,article"}]},{"name":"Products","settings":[{"type":"page","id":"size_chart_page","label":"Size chart page","info":"[Learn more](https:\/\/support.maestrooo.com\/article\/172-product-adding-a-size-chart)"},{"type":"header","content":"Grid"},{"type":"checkbox","id":"product_show_price_on_hover","label":"Show price on hover","info":"Prices will always be visible on touch devices.","default":false},{"type":"checkbox","id":"product_show_secondary_image","label":"Show secondary image on hover","default":false},{"type":"select","id":"product_info_alignment","label":"Product info alignment","options":[{"value":"left","label":"Left"},{"value":"center","label":"Center"},{"value":"right","label":"Right"}],"default":"center"},{"type":"select","id":"product_image_size","label":"Product image size","options":[{"value":"natural","label":"Natural"},{"value":"short","label":"Short (4:3)"},{"value":"square","label":"Square (1:1)"},{"value":"tall","label":"Tall (2:3)"}],"default":"natural"},{"type":"select","id":"product_list_horizontal_spacing","label":"Horizontal spacing","options":[{"value":"extra_small","label":"Extra small"},{"value":"small","label":"Small"},{"value":"medium","label":"Medium"},{"value":"large","label":"Large"},{"value":"extra_large","label":"Extra large"}],"default":"medium"},{"type":"select","id":"product_list_vertical_spacing","label":"Vertical spacing","options":[{"value":"extra_small","label":"Extra small"},{"value":"small","label":"Small"},{"value":"medium","label":"Medium"},{"value":"large","label":"Large"},{"value":"extra_large","label":"Extra large"}],"default":"medium"}]},{"name":"Cart","settings":[{"type":"select","id":"cart_type","label":"Cart type","options":[{"value":"drawer","label":"Drawer"},{"value":"page","label":"Page"}],"default":"drawer"},{"type":"checkbox","id":"cart_enable_notes","label":"Enable order notes","default":true},{"type":"checkbox","id":"cart_show_free_shipping_threshold","label":"Show free shipping minimum amount","info":"Make sure that you have properly configured your [shipping rates](\/admin\/settings\/shipping).","default":false},{"type":"range","min":10,"max":100,"step":1,"id":"cart_free_shipping_threshold","label":"Free shipping minimum amount","default":50}]},{"name":"Social media","settings":[{"type":"image_picker","id":"share_image","label":"Share image","info":"This image is used when you share pages such as home page. For product, collection or article pages, the featured image will be used instead."},{"type":"header","content":"Accounts"},{"type":"text","id":"social_facebook","info":"https:\/\/www.facebook.com\/shopify","label":"Facebook"},{"type":"text","id":"social_twitter","info":"https:\/\/twitter.com\/shopify","label":"Twitter"},{"type":"text","id":"social_google_plus","info":"https:\/\/plus.google.com\/+shopify","label":"Google Plus"},{"type":"text","id":"social_pinterest","info":"https:\/\/www.pinterest.com\/shopify","label":"Pinterest"},{"type":"text","id":"social_instagram","info":"https:\/\/instagram.com\/shopify","label":"Instagram"},{"type":"text","id":"social_vimeo","info":"https:\/\/vimeo.com\/shopify","label":"Vimeo"},{"type":"text","id":"social_tumblr","info":"https:\/\/shopify.tumblr.com","label":"Tumblr"},{"type":"text","id":"social_youtube","info":"https:\/\/www.youtube.com\/user\/shopify","label":"YouTube"},{"type":"text","id":"social_linkedin","info":"https:\/\/linkedin.com\/in\/shopify","label":"LinkedIn"},{"type":"text","id":"social_snapchat","info":"https:\/\/snapchat.com\/add\/shopify","label":"Snapchat"},{"type":"text","id":"social_fancy","info":"https:\/\/fancy.com\/Shopify","label":"Fancy"}]},{"name":"Favicon","settings":[{"type":"image_picker","id":"favicon","label":"Image","info":"32 x 32px .png recommended"}]},{"name":{"en":"Easysize"},"settings":[{"type":"header","content":{"en":"Settings"}},{"type":"text","id":"easysize_shop_id","label":{"en":"Shopify shop id"}},{"type":"text","id":"easysize_placeholder","label":{"en":"Placeholder selector"}},{"type":"text","id":"easysize_size_selector","label":{"en":"Size selector"}},{"type":"text","id":"easysize_order_button_id","label":{"en":"Order button id"}},{"type":"text","id":"easysize_product_brand","label":{"en":"Product brand"}},{"type":"select","id":"easysize_language","label":{"en":"Language"},"options":[{"label":"English","value":"english"},{"label":"Italian","value":"italian"},{"label":"French","value":"french"},{"label":"German","value":"german"},{"label":"Danish","value":"danish"},{"label":"Swedish","value":"swedish"},{"label":"Dutch","value":"dutch"}]},{"type":"textarea","id":"easysize_size_update_function","label":{"en":"Size update function"}},{"type":"textarea","id":"easysize_size_track_function","label":{"en":"Size track function"}},{"type":"textarea","id":"mapped_genders","label":{"en":"A JSON object containing the mapped genders saved through the app"}}]}]