{"current":{"heading_color":"#454545","text_color":"#454545","text_light_color":"#9d9d9d","link_color":"#a17c5e","background":"#ffffff","light_background":"#ffffff","product_on_sale_color":"#f94c43","button_background":"#c2a284","button_text_color":"#ffffff","header_background":"#ffffff","header_heading_color":"#454545","header_light_color":"#9d9d9d","footer_background":"#ffffff","footer_heading_color":"#454545","footer_text_color":"#9d9d9d","navigation_background":"#454545","navigation_text_color":"#ffffff","newsletter_popup_background":"#454545","newsletter_popup_text_color":"#ffffff","secondary_elements_background":"#f1e4d8","secondary_elements_text_color":"#373737","heading_font":"din_neuzeit_grotesk_n3","heading_size":"small","uppercase_heading":true,"text_font":"futura_n4","base_text_font_size":14,"currency_conversion_enabled":true,"currency_conversion_round_amounts":true,"currency_conversion_supported_currencies":"USD CAD EUR GBP","currency_conversion_money_format":"money_format","show_page_transition":true,"show_image_zooming":true,"show_element_staggering":true,"search_mode":"product,article","size_chart_page":"","product_show_price_on_hover":true,"product_show_secondary_image":true,"product_info_alignment":"center","product_image_size":"natural","product_list_horizontal_spacing":"medium","product_list_vertical_spacing":"small","cart_type":"drawer","cart_enable_notes":true,"cart_show_free_shipping_threshold":false,"cart_free_shipping_threshold":50,"share_image":"","social_facebook":"https:\/\/www.facebook.com\/#","social_twitter":"","social_google_plus":"","social_pinterest":"#","social_instagram":"https:\/\/instagram.com\/#","social_vimeo":"","social_tumblr":"","social_youtube":"#","social_linkedin":"","social_snapchat":"","social_fancy":"","favicon":"","easysize_shop_id":"9265560734","easysize_placeholder":"#product_form_6734168916037 > div.ProductForm__Variants > div.no-js.ProductForm__Option > div > div > div > div.globo-swatch-list > div:nth-child(1)","easysize_size_selector":"","easysize_order_button_id":".product-form[method='post'] button[type='submit']","easysize_product_brand":"maisonducaftan","easysize_language":"english","easysize_size_update_function":"function(size) {\n    var size_element = document.querySelector('option[value=\"'+ size +'\"]');\n    if (size_element) {\n      size_element.click();\n      console.info(\"Easysize: Size element clicked\", size_element);\n      return true;\n    }\n    return false;\n  }","easysize_size_track_function":"document.querySelectorAll('.single-option-selector option').forEach(function(el) {\n  el.addEventListener('click', function(x) {\n    easy_size.sizeChangedTo(this.value);\n    console.info(\"Easysize: Size changed to\", this.value);\n  });\n});","mapped_genders":"{'maleMapping': [''], 'femaleMapping': [''], 'defaultMapping': ['unisex']}","checkout_header_image":"shopify:\/\/shop_images\/Webp.net-gifmaker_5_122ded2b-dfca-4008-8bef-1d0e03a9e81c.gif","checkout_logo_image":"","checkout_logo_position":"left","checkout_logo_size":"medium","checkout_body_background_image":"","checkout_body_background_color":"#ffffff","checkout_input_background_color_mode":"white","checkout_sidebar_background_image":"","checkout_sidebar_background_color":"#fafafa","checkout_heading_font":"-apple-system, BlinkMacSystemFont, 'Segoe UI', Roboto, Helvetica, Arial, sans-serif, 'Apple Color Emoji', 'Segoe UI Emoji', 'Segoe UI Symbol'","checkout_body_font":"-apple-system, BlinkMacSystemFont, 'Segoe UI', Roboto, Helvetica, Arial, sans-serif, 'Apple Color Emoji', 'Segoe UI Emoji', 'Segoe UI Symbol'","checkout_accent_color":"#a17c5e","checkout_button_color":"#454545","checkout_error_color":"#e32c2b","sections":{"sidebar-menu":{"type":"sidebar-menu","settings":{"primary_menu":"menu-2","secondary_menu":"","show_social_media":true}},"announcement":{"type":"announcement","settings":{"enable_bar":false,"home_page_only":false,"background":"#363636","text_color":"#c2a284","content":"FREE SHIPPING","link":""}},"header":{"type":"header","settings":{"use_sticky_header":true,"logo_max_width":50,"navigation_menu":"main-menu-2","navigation_style":"inline","enable_transparent_header":false,"enable_transparent_header_collection":false,"transparent_text_color":"#ffffff"}},"footer":{"type":"footer","blocks":{"b4ed2642-49b1-4354-87d8-e011473e6f5e":{"type":"links","settings":{"menu":"main-menu-2"}},"19829f78-8326-4064-a07b-dfeb7efd4480":{"type":"text","settings":{"title":"Customer Support","content":"<p>Contact us 24\/7<\/p><p>maisonducaftanmarrakech@gmail.com  <\/p><p>+212 5 24 44 10 51<\/p>","show_social_media":false}},"7eb52ee6-8321-4d32-8769-778a5f83e4cc":{"type":"newsletter","disabled":true,"settings":{"title":"Newsletter","content":"<p>Subscribe to receive updates, access to exclusive deals, and more.<\/p>"}},"67d07561-8d23-4077-9f60-8598f84cb8c7":{"type":"text","settings":{"title":"OPENING HOURS","content":"<p>Mon - Fri, 9am - 6pm<\/p><p>Saturday, 9am - 6pm<\/p><p>Sunday, 10am - 6pm<\/p>","show_social_media":false}},"05a1bcd2-c03f-45a7-a83e-cacab1f4e59e":{"type":"links","settings":{"menu":"policies"}}},"block_order":["b4ed2642-49b1-4354-87d8-e011473e6f5e","19829f78-8326-4064-a07b-dfeb7efd4480","7eb52ee6-8321-4d32-8769-778a5f83e4cc","67d07561-8d23-4077-9f60-8598f84cb8c7","05a1bcd2-c03f-45a7-a83e-cacab1f4e59e"],"settings":{"show_payment_methods":true}},"slideshow":{"type":"slideshow","disabled":true,"blocks":{"400d5318-4ae5-42e7-84e1-6365340f36ec":{"type":"image","settings":{"image":"shopify:\/\/shop_images\/PQ0A6374-edit_MODnb_5fe0ceaa-ab0b-4429-94e2-fa9667b54690.jpg","apply_overlay":true,"content_position":"bottomLeft","subheading":"COLLECTIONs","title":"takchita","button_1_text":"Discover","button_1_link":"","button_2_text":"","button_2_link":""}}},"block_order":["400d5318-4ae5-42e7-84e1-6365340f36ec"],"settings":{"show_fullscreen":false,"show_arrow":false,"autoplay":true,"cycle_speed":4,"text_color":"#ffffff","button_color":"#363636"}},"collection-template":{"type":"collection-template","settings":{"show_collection_info":true,"show_collection_image":true,"show_color_swatch":true,"collection_image_size":"large","show_sort_by":true,"show_layout_switch":true,"toolbar_position":"top","filter_position":"sidebar","filter_mode":"hidden","show_filter_color_swatch":true,"filter_menu":"main-menu","grid_items_per_page":16,"grid_mobile_items_per_row":"2","grid_desktop_items_per_row":4}},"recently-viewed-products":{"type":"recently-viewed-products","settings":{"show_section":true,"title":"Recently viewed","show_product_info":true,"show_color_swatch":false}},"collection-footer":{"type":"collection-footer","settings":{"show_section":false,"text_color":"#ffffff","apply_overlay":true,"title":"Our story","content":"<p>Add your own custom content to explain your processes...<\/p>"}},"product-template":{"type":"product-template","settings":{"show_share_buttons":true,"show_vendor":false,"description_below_add_to_cart":true,"show_color_swatch":true,"show_color_carousel":false,"show_quantity_selector":true,"show_inventory_quantity":false,"inventory_quantity_threshold":3,"show_payment_button":true,"image_size":"small","enable_image_zoom":false,"show_thumbnails":false,"tab_page_1_handle":"care-guide","tab_page_2_handle":"size-guide","reviews_enabled":true,"featured_image_size":"large"}},"related-products":{"type":"related-products","settings":{"show_section":true,"title":"Related Products","show_product_info":true,"show_color_swatch":false}},"popup":{"type":"popup","settings":{"show_popup":true,"show_only_on_index":true,"show_only_for_visitors":true,"show_only_once":false,"title":"Register to the newsletter","content":"<p> Subscribe to our newsletter to get discount codes and more.<\/p>","show_newsletter":true,"apparition_delay":1}},"1595363175996":{"type":"text-with-image","disabled":true,"settings":{"subheading":"OUR STORY","title":"OUR STORY","image":"shopify:\/\/shop_images\/slide-3.jpg","image_position":"right","content":"<p>Founded in 1980, La Maison du Kaftan Marocain covers all your kaftan related shopping needs in Marrakech. In fact, if you can’t find the kaftan you’re looking for at La Maison du Kaftan Marocain, then it probably exists only in your own mind, or in fashion haunts such as Kulchi or Jnane Tamsna. The shop front leads into a vast room around which are hung kaftans of all colours and sizes: antique kaftans, Berber kaftans – even magic kaftans! There are also other traditional accessories such as baboush, chemises and pantaloons, for men and women. A second room features clothing for lower prices; it’s worth exploring for the occasional gem<\/p>","link_text":"","link_url":""}},"cart-template":{"type":"cart-template","settings":{"show_shipping_estimator":true,"shipping_estimator_default_country":"United States"}},"1647257646e41e6000":{"type":"featured-collections","disabled":true,"blocks":{"1647257646e41e6000-0":{"type":"collection","settings":{"collection":"caftan","title":"","grid_items_count":22,"button_text":"View all products"}},"21fc62f2-f4de-4566-8f5e-4debfe3bb789":{"type":"collection","disabled":true,"settings":{"collection":"jellaba","title":"","grid_items_count":4,"button_text":"View all products"}}},"block_order":["1647257646e41e6000-0","21fc62f2-f4de-4566-8f5e-4debfe3bb789"],"settings":{"title":"TRADITIONAL AND HANDCRAFTED Moroccan CAFTANS","layout_mode":"grid","show_product_info":true,"show_color_swatch":true,"grid_mobile_items_per_row":"2","grid_desktop_items_per_row":4}},"164726877523ac64dd":{"type":"collection-list","disabled":true,"blocks":{"164726877523ac64dd-0":{"type":"collection","settings":{"collection":"caftan","image":"shopify:\/\/shop_images\/PQ0A4833small.webp","image_alignment":"center center","content_position":"bottomLeft","subheading":"NEW COLLECTION","title":"","button_text":"View products","apply_overlay":true}},"164726877523ac64dd-1":{"type":"collection","settings":{"collection":"takchita","image":"shopify:\/\/shop_images\/PQ0A4930small.webp","image_alignment":"center center","content_position":"bottomLeft","subheading":"NEW COLLECTION","title":"","button_text":"View products","apply_overlay":true}},"164726877523ac64dd-2":{"type":"collection","settings":{"collection":"jellaba","image":"shopify:\/\/shop_images\/PQ0A4781small.webp","image_alignment":"center center","content_position":"bottomLeft","subheading":"NEW COLLECTION","title":"","button_text":"View products","apply_overlay":true}}},"block_order":["164726877523ac64dd-0","164726877523ac64dd-1","164726877523ac64dd-2"],"settings":{"image_size":"normal","add_spacing":true,"expand_collection":false,"text_color":"#ffffff","button_color":"#363636"}},"164727239627716db9":{"type":"featured-product","disabled":true,"settings":{"subheading":"","title":"Featured product","product":"jacket-mlifa-blanc","show_vendor":true,"show_description":true,"description_below_add_to_cart":true,"show_color_swatch":false,"show_color_carousel":false,"show_quantity_selector":true,"show_inventory_quantity":false,"inventory_quantity_threshold":0,"show_payment_button":true}},"1647451709c4599b5b":{"type":"map","disabled":true,"settings":{"title":"MAISON DU CAFTAN","address":"<p>65 Rue Sidi el Yamani, Marrakesh 40000<\/p>","hours":"<p>Mon - Fri, 10am - 9pm<br\/>Saturday, 11am - 9pm<br\/>Sunday, 11am - 5pm<\/p>","map_address":"65 Rue Sidi el Yamani, Marrakesh 40000","map_link_label":"Get directions","api_key":"","zoom":14,"map_style":"silver"}},"16500339584f0cae51":{"type":"instafeed","disabled":true,"settings":{"heading_font":"helvetica_n4","heading_size":20,"feed_width":100,"html_area":""}},"1650102164bbe575b4":{"type":"featured-collections","disabled":true,"blocks":{"1650102164bbe575b4-0":{"type":"collection","settings":{"collection":"selham","title":"","grid_items_count":4,"button_text":"View all products"}},"33d40143-0e4b-41f5-b81f-0b2583e58afc":{"type":"collection","settings":{"collection":"jellaba","title":"","grid_items_count":8,"button_text":"View all products"}},"dc205f79-c441-4707-afbc-4313edcc4310":{"type":"collection","settings":{"collection":"kimono","title":"","grid_items_count":8,"button_text":"View all products"}},"4b1cd853-fa05-46a3-bd09-fde61ff723c0":{"type":"collection","settings":{"collection":"tunic","title":"","grid_items_count":8,"button_text":"View all products"}}},"block_order":["1650102164bbe575b4-0","33d40143-0e4b-41f5-b81f-0b2583e58afc","dc205f79-c441-4707-afbc-4313edcc4310","4b1cd853-fa05-46a3-bd09-fde61ff723c0"],"settings":{"title":"EXPLORE OUR HAUTE COUTURE BRAND","layout_mode":"carousel","show_product_info":true,"show_color_swatch":true,"grid_mobile_items_per_row":"1","grid_desktop_items_per_row":4}},"trust-budges":{"type":"trust-budges","settings":{}},"1650796917351910cb":{"type":"featured-collections","disabled":true,"blocks":{"1650796917351910cb-0":{"type":"collection","settings":{"collection":"best-sellers","title":"","grid_items_count":9,"button_text":"View all products"}}},"block_order":["1650796917351910cb-0"],"settings":{"title":"OUR BEST SELLERS","layout_mode":"grid","show_product_info":true,"show_color_swatch":false,"grid_mobile_items_per_row":"2","grid_desktop_items_per_row":4}},"16507996195ac63b26":{"type":"blog-posts","disabled":true,"blocks":{"16507996195ac63b26-0":{"type":"blog","settings":{"blog":"news"}},"473cbf85-ef67-493d-8191-0b98afbe5f22":{"type":"blog","settings":{"blog":""}}},"block_order":["16507996195ac63b26-0","473cbf85-ef67-493d-8191-0b98afbe5f22"],"settings":{"subheading":"Latest From our blog","title":"Blog posts","show_category":false,"button_link":"","button_text":"View all articles"}},"1653929841f8c5f97c":{"type":"featured-collections","disabled":true,"blocks":{"1653929841f8c5f97c-0":{"type":"collection","settings":{"collection":"gandoura-men","title":"","grid_items_count":4,"button_text":"View all products"}},"5e3c1462-c9a3-4384-8b9a-e06bc6f3ca5f":{"type":"collection","settings":{"collection":"jacket-men","title":"","grid_items_count":8,"button_text":"View all products"}},"6658ca2f-45c8-4fa8-9ea4-3ac5018023bf":{"type":"collection","settings":{"collection":"jellaba-men","title":"","grid_items_count":8,"button_text":"View all products"}}},"block_order":["1653929841f8c5f97c-0","5e3c1462-c9a3-4384-8b9a-e06bc6f3ca5f","6658ca2f-45c8-4fa8-9ea4-3ac5018023bf"],"settings":{"title":"MENS CLOTHING","layout_mode":"carousel","show_product_info":true,"show_color_swatch":false,"grid_mobile_items_per_row":"2","grid_desktop_items_per_row":4}},"1654207307491e1871":{"type":"image-with-text-overlay","disabled":true,"settings":{"section_size":"large","image":"shopify:\/\/shop_images\/PQ0A6374-edit_MODnb_5fe0ceaa-ab0b-4429-94e2-fa9667b54690.jpg","text_color":"#ffffff","overlay_color":"#000000","overlay_opacity":20,"subheading":"Collections","title":"","content":"<p>new in women<\/p>"}},"165426606304b5fb5b":{"type":"slideshow","disabled":true,"blocks":{"165426606304b5fb5b-1":{"type":"image","settings":{"image":"shopify:\/\/shop_images\/PQ0A6373-edit.jpg","apply_overlay":true,"content_position":"bottomLeft","subheading":"Slide title","title":"Tell your story","button_1_text":"ONE-OF- A-KIND","button_1_link":"","button_2_text":"","button_2_link":""}}},"block_order":["165426606304b5fb5b-1"],"settings":{"show_fullscreen":true,"show_arrow":false,"autoplay":true,"cycle_speed":5,"text_color":"#ffffff","button_color":"#363636"}},"165433835702d5f41f":{"type":"parallax-featured-product","disabled":true,"settings":{"img_product":"shopify:\/\/shop_images\/PQ0A6373-edit.jpg","subheading":"","title":"Tell your story","content":"<p>ONE-OF-A-KIND<\/p>"}},"1654338405bbd6b401":{"type":"parallax-featured-product","disabled":true,"settings":{"img_product":"shopify:\/\/shop_images\/PQ0A6373-edit.jpg","subheading":"","title":"Tell your story","content":"<p>Add your own custom content to give more information about your store, availability details...<\/p>"}},"16543384088d302472":{"type":"slideshow","disabled":true,"blocks":{"16543384088d302472-0":{"type":"image","settings":{"image":"shopify:\/\/shop_images\/PQ0A6373-edit.jpg","apply_overlay":true,"content_position":"bottomLeft","subheading":"Slide title","title":"Tell your story","button_1_text":"","button_1_link":"","button_2_text":"","button_2_link":""}}},"block_order":["16543384088d302472-0"],"settings":{"show_fullscreen":true,"show_arrow":false,"autoplay":true,"cycle_speed":5,"text_color":"#ffffff","button_color":"#363636"}},"165433981428eed3ca":{"type":"image-with-text-overlay","disabled":true,"settings":{"section_size":"large","image":"shopify:\/\/shop_images\/PQ0A6374-edit_MODnb_5fe0ceaa-ab0b-4429-94e2-fa9667b54690.jpg","text_color":"#ffffff","overlay_color":"#000000","overlay_opacity":20,"subheading":"Collections","title":"","content":"<p>day & night<\/p>"}},"1654348092adab4172":{"type":"image-with-text-overlay","disabled":true,"settings":{"section_size":"large","text_color":"#ffffff","overlay_color":"#000000","overlay_opacity":30,"subheading":"Tell your story","title":"","content":"<p>new in women<\/p>"}},"1654513237f0736781":{"type":"custom-html","settings":{"subheading":"","title":"","html":"<div class=\"block\">\n  <img src=\"https:\/\/cdn.shopify.com\/s\/files\/1\/0553\/5226\/2725\/files\/PQ0A6374nb_2x1_e3c39b70-30a6-41ac-8e14-fb9535e0e5f9.jpg?v=1654528597\" data-speed=\"-1\" class=\"img-parallax\">\n  \t\t\t\t<div class=\"container text-center positionImagetxt\">\n\t\t\t\t\t<h2>New <br>in women<\/h2>\n\t\t\t\t\t<a href=\"\"> Discover<\/a>\t\t\t\t\n\t\t\t\t<\/div>\n\t\t\t<\/div>\n\n<div class=\"block\">\n  <img src=\"https:\/\/unsplash.it\/1920\/1920\/?image=1005\" data-speed=\"1\" class=\"img-parallax\">\n <div class=\"container text-center positionImagetxt\">\n\t\t\t\t\t<h2>one-of<br>a-kind<\/h2>\n\t\t\t\t\t<a href=\"\"> Discover<\/a>\n\t\t\t\t<\/div>\n<\/div>\n<div class=\"block\">\n  <img src=\"https:\/\/unsplash.it\/1920\/1920\/?gravity=center\" data-speed=\"-0.25\" class=\"img-parallax\">\n<div class=\"container text-center positionImagetxt\">\n\t\t\t\t\t<h2>one-of<br>a-kind<\/h2>\n\t\t\t\t\t<a href=\"\"> Discover<\/a>\n\t\t\t\t<\/div>\n<\/div>\n<div class=\"block\">\n  <img src=\"https:\/\/unsplash.it\/1920\/1920\/?image=1080\" data-speed=\"0.25\" class=\"img-parallax\">\n  <h2>Parallax Speed 0.25<\/h2>\n<\/div>\n<div class=\"block\">\n  <img src=\"https:\/\/unsplash.it\/1920\/1920\/?random\" data-speed=\"-0.75\" class=\"img-parallax\">\n  <h2>Parallax Speed -0.75<\/h2>\n<\/div>\n<div class=\"block\">\n  <img src=\"https:\/\/unsplash.it\/1920\/1920\/?blur\" data-speed=\"0.75\" class=\"img-parallax\">\n  <h2>Parallax Speed 0.75<\/h2>\n<\/div>"}},"list-collections-template":{"type":"list-collections-template","settings":{"image_size":"small","add_spacing":true,"expand_collection":false,"apply_overlay":true,"text_color":"#ffffff","button_color":"#363636"}},"password-template":{"type":"password-template","settings":{"logo":"shopify:\/\/shop_images\/Capture_d_ecran_2022-06-23_123520-removebg-preview.png","logo_max_width":320,"background_image":"shopify:\/\/shop_images\/maisoncaftan_atelier_am__2x1_3a5732c2-95e1-40f8-a57d-e00977519a13.jpg","text_color":"#ffffff","heading":"Opening Soon","show_newsletter_signup":false,"newsletter_text":"","show_social_sharing":true,"social_message":"Spread the word"}},"16560841253f49b01e":{"type":"parallax-section","settings":{"image":"shopify:\/\/shop_images\/1654950236.jpg","products_per_page":-1,"text_title":"New <br>in women","href_lien":"","text_lien":"Discover"}}},"content_for_index":["1654348092adab4172","1654207307491e1871","165433835702d5f41f","165433981428eed3ca","slideshow","16543384088d302472","165426606304b5fb5b","1654338405bbd6b401","1647257646e41e6000","164726877523ac64dd","164727239627716db9","1595363175996","1647451709c4599b5b","1650102164bbe575b4","16500339584f0cae51","1650796917351910cb","1653929841f8c5f97c","16507996195ac63b26","1654513237f0736781","16560841253f49b01e"]},"presets":{"Allure":{"heading_color":"#1c1b1b","text_color":"#1c1b1b","text_light_color":"#6a6a6a","link_color":"#6a6a6a","background":"#efefef","light_background":"#ffffff","product_on_sale_color":"#f94c43","button_background":"#1c1b1b","button_text_color":"#ffffff","header_background":"#ffffff","header_heading_color":"#1c1b1b","header_light_color":"#6a6a6a","footer_background":"#ffffff","footer_heading_color":"#1c1b1b","footer_text_color":"#6a6a6a","newsletter_popup_background":"#1c1b1b","newsletter_popup_text_color":"#ffffff","secondary_elements_background":"#1c1b1b","secondary_elements_text_color":"#ffffff","navigation_background":"#1c1b1b","navigation_text_color":"#ffffff","heading_font":"montserrat_n5","heading_size":"small","uppercase_heading":true,"text_font":"nunito_sans_n4","base_text_font_size":14,"currency_conversion_enabled":false,"currency_conversion_round_amounts":true,"currency_conversion_supported_currencies":"USD CAD EUR GBP","currency_conversion_money_format":"money_format","show_page_transition":true,"search_mode":"product,article","product_show_price_on_hover":false,"product_show_secondary_image":false,"product_info_alignment":"center","product_image_size":"natural","product_list_horizontal_spacing":"medium","product_list_vertical_spacing":"small","cart_type":"drawer","cart_enable_notes":true,"cart_show_free_shipping_threshold":false,"cart_free_shipping_threshold":50,"checkout_logo_position":"center","checkout_logo_size":"small","checkout_body_background_color":"#ffffff","checkout_input_background_color_mode":"white","checkout_sidebar_background_color":"#efefef","checkout_accent_color":"#1c1b1b","checkout_button_color":"#1c1b1b","sections":{"sidebar-menu":{"type":"sidebar-menu","settings":{"primary_menu":"main-menu","show_social_media":true}},"announcement":{"type":"announcement","settings":{"background":"#000000","text_color":"#ffffff","content":"Announce something here"}},"header":{"type":"header","settings":{"use_sticky_header":true,"logo_max_width":140,"navigation_menu":"main-menu","navigation_style":"inline","enable_transparent_header":true,"transparent_text_color":"#ffffff"}},"footer":{"type":"footer","blocks":{"footer-0":{"type":"text","settings":{"title":"About the shop","content":"<p>Use this text area to tell your customers about your brand and vision. You can change it in the theme settings.<\/p>","show_social_media":true}},"footer-1":{"type":"links","settings":{"menu":"footer"}},"footer-2":{"type":"newsletter","settings":{"title":"Newsletter","content":"<p>Subscribe to receive updates, access to exclusive deals, and more.<\/p>"}}},"block_order":["footer-0","footer-1","footer-2"],"settings":{"show_payment_methods":true}},"slideshow":{"type":"slideshow","blocks":{"slide-0":{"type":"image","settings":{"apply_overlay":true,"content_position":"bottomLeft","subheading":"Slide title","title":"Tell your story"}},"slide-1":{"type":"image","settings":{"apply_overlay":true,"content_position":"bottomLeft","subheading":"Slide title","title":"Tell your story"}}},"block_order":["slide-0","slide-1"],"settings":{"show_fullscreen":true,"show_arrow":false,"autoplay":true,"cycle_speed":5,"text_color":"#ffffff","button_color":"#363636"}},"featured-collections":{"type":"featured-collections","blocks":{"featured-collection-0":{"type":"collection","settings":{"grid_items_count":8,"button_text":"View all products"}}},"block_order":["featured-collection-0"],"settings":{"title":"Featured collection","layout_mode":"grid","show_product_info":true,"grid_mobile_items_per_row":"2","grid_desktop_items_per_row":4}},"collection-list":{"type":"collection-list","blocks":{"collection-0":{"type":"collection","settings":{"image_alignment":"center center","subheading":"Sub-heading","button_text":"View products","apply_overlay":true}},"collection-1":{"type":"collection","settings":{"image_alignment":"center center","subheading":"Sub-heading","button_text":"View products","apply_overlay":true}},"collection-2":{"type":"collection","settings":{"image_alignment":"center center","subheading":"Sub-heading","button_text":"View products","apply_overlay":true}}},"block_order":["collection-0","collection-1","collection-2"],"settings":{"add_spacing":true,"expand_collection":false,"text_color":"#ffffff","button_color":"#363636"}},"featured-product":{"type":"featured-product","settings":{"title":"Featured product","show_vendor":true,"show_description":true,"show_color_swatch":true,"show_color_carousel":false,"show_quantity_selector":true,"show_inventory_quantity":false,"inventory_quantity_threshold":3}},"timeline":{"type":"timeline","blocks":{"item-0":{"type":"item","settings":{"apply_overlay":true,"title":"2000","subheading":"Sub-heading","heading":"Heading","content":"<p>Add your own custom content to give more information about your store, availability details...<\/p>"}},"item-1":{"type":"item","settings":{"apply_overlay":true,"title":"2001","subheading":"Sub-heading","heading":"Heading","content":"<p>Add your own custom content to give more information about your store, availability details...<\/p>"}},"item-2":{"type":"item","settings":{"apply_overlay":true,"title":"2002","subheading":"Sub-heading","heading":"Heading","content":"<p>Add your own custom content to give more information about your store, availability details...<\/p>"}}},"block_order":["item-0","item-1","item-2"],"settings":{"text_color":"#ffffff"}},"blog-posts":{"type":"blog-posts","blocks":{"blog-0":{"type":"blog","settings":{"blog":"news"}}},"block_order":["blog-0"],"settings":{"title":"Featured article","show_category":false,"button_text":"View all articles"}},"shop-the-look":{"type":"shop-the-look","blocks":{"look-0":{"type":"look","settings":{"dot_style":"light","product_1_horizontal_position":30,"product_1_vertical_position":40,"product_2_horizontal_position":45,"product_2_vertical_position":65,"product_3_horizontal_position":70,"product_3_vertical_position":50}},"look-1":{"type":"look","settings":{"dot_style":"light","product_1_horizontal_position":25,"product_1_vertical_position":45,"product_2_horizontal_position":55,"product_2_vertical_position":30,"product_3_horizontal_position":65,"product_3_vertical_position":60}}},"block_order":["look-0","look-1"],"settings":{"subheading":"Shop","title":"Our looks"}},"collection-template":{"type":"collection-template","settings":{"show_collection_info":true,"show_collection_image":false,"show_sort_by":true,"show_layout_switch":false,"toolbar_position":"bottom","filter_position":"sidebar","filter_mode":"tag","show_filter_color_swatch":true,"grid_items_per_page":16,"grid_mobile_items_per_row":"2","grid_desktop_items_per_row":4}},"recently-viewed-products":{"type":"recently-viewed-products","settings":{"show_section":true,"title":"Recently viewed","show_product_info":true}},"collection-footer":{"type":"collection-footer","settings":{"show_section":false,"text_color":"#ffffff","apply_overlay":true,"title":"Our story","content":"<p>Add your own custom content to explain your processes...<\/p>"}},"product-template":{"type":"product-template","settings":{"show_share_buttons":true,"show_vendor":true,"show_color_swatch":true,"show_color_carousel":false,"show_quantity_selector":true,"show_inventory_quantity":false,"inventory_quantity_threshold":3,"image_size":"large","enable_image_zoom":true,"show_thumbnails":false,"reviews_enabled":false}},"related-products":{"type":"related-products","settings":{"show_section":true,"title":"Related Products","show_product_info":true}}},"content_for_index":["slideshow","featured-collections","collection-list","featured-product","timeline","blog-posts","shop-the-look"]},"Couture":{"heading_color":"#5c5c5c","text_color":"#5c5c5c","text_light_color":"#939393","link_color":"#323232","background":"#ffffff","light_background":"#ffffff","product_on_sale_color":"#f94c43","button_background":"#5c5c5c","button_text_color":"#ffffff","header_background":"#ffffff","header_heading_color":"#5c5c5c","header_light_color":"#939393","footer_background":"#ffffff","footer_heading_color":"#5c5c5c","footer_text_color":"#939393","newsletter_popup_background":"#ffffff","newsletter_popup_text_color":"#1c1b1b","secondary_elements_background":"#5c5c5c","secondary_elements_text_color":"#ffffff","navigation_background":"#ffffff","navigation_text_color":"#5c5c5c","heading_font":"futura_n4","heading_size":"large","uppercase_heading":false,"text_font":"century_gothic_n4","base_text_font_size":15,"currency_conversion_enabled":false,"currency_conversion_round_amounts":true,"currency_conversion_supported_currencies":"USD CAD EUR GBP","currency_conversion_money_format":"money_format","show_page_transition":true,"search_mode":"product,article","product_show_price_on_hover":true,"product_show_secondary_image":false,"product_info_alignment":"left","product_image_size":"natural","product_list_horizontal_spacing":"small","product_list_vertical_spacing":"small","cart_type":"drawer","cart_enable_notes":true,"cart_show_free_shipping_threshold":false,"cart_free_shipping_threshold":50,"checkout_logo_position":"center","checkout_logo_size":"small","checkout_body_background_color":"#fff","checkout_input_background_color_mode":"white","checkout_sidebar_background_color":"#fafafa","checkout_accent_color":"#323232","checkout_button_color":"#5c5c5c","sections":{"sidebar-menu":{"type":"sidebar-menu","settings":{"primary_menu":"main-menu","show_social_media":true}},"announcement":{"type":"announcement","settings":{"background":"#f3f3f3","text_color":"#5c5c5c","content":"Announce something here"}},"header":{"type":"header","settings":{"use_sticky_header":true,"logo_max_width":140,"navigation_menu":"main-menu","navigation_style":"center","enable_transparent_header":true,"transparent_text_color":"#ffffff"}},"footer":{"type":"footer","blocks":{"footer-0":{"type":"text","settings":{"title":"About the shop","content":"<p>Use this text area to tell your customers about your brand and vision. You can change it in the theme settings.<\/p>","show_social_media":true}},"footer-1":{"type":"links","settings":{"menu":"footer"}},"footer-2":{"type":"newsletter","settings":{"title":"Newsletter","content":"<p>Subscribe to receive updates, access to exclusive deals, and more.<\/p>"}}},"block_order":["footer-0","footer-1","footer-2"],"settings":{"show_payment_methods":true}},"slideshow":{"type":"slideshow","blocks":{"slide-0":{"type":"image","settings":{"apply_overlay":true,"content_position":"bottomLeft","subheading":"Slide title","title":"Tell your story"}},"slide-1":{"type":"image","settings":{"apply_overlay":true,"content_position":"bottomLeft","subheading":"Slide title","title":"Tell your story"}}},"block_order":["slide-0","slide-1"],"settings":{"show_fullscreen":true,"show_arrow":false,"autoplay":true,"cycle_speed":5,"text_color":"#ffffff","button_color":"#363636"}},"featured-collections":{"type":"featured-collections","blocks":{"featured-collection-0":{"type":"collection","settings":{"grid_items_count":8,"button_text":"View all products"}}},"block_order":["featured-collection-0"],"settings":{"title":"Featured collection","layout_mode":"grid","show_product_info":true,"grid_mobile_items_per_row":"2","grid_desktop_items_per_row":4}},"collection-list":{"type":"collection-list","blocks":{"collection-0":{"type":"collection","settings":{"image_alignment":"center center","subheading":"Sub-heading","button_text":"View products","apply_overlay":true}},"collection-1":{"type":"collection","settings":{"image_alignment":"center center","subheading":"Sub-heading","button_text":"View products","apply_overlay":true}},"collection-2":{"type":"collection","settings":{"image_alignment":"center center","subheading":"Sub-heading","button_text":"View products","apply_overlay":true}}},"block_order":["collection-0","collection-1","collection-2"],"settings":{"add_spacing":true,"expand_collection":false,"text_color":"#ffffff","button_color":"#363636"}},"featured-product":{"type":"featured-product","settings":{"title":"Featured product","show_vendor":true,"show_description":true,"show_color_swatch":true,"show_color_carousel":false,"show_quantity_selector":true,"show_inventory_quantity":false,"inventory_quantity_threshold":3}},"timeline":{"type":"timeline","blocks":{"item-0":{"type":"item","settings":{"apply_overlay":true,"title":"2000","subheading":"Sub-heading","heading":"Heading","content":"<p>Add your own custom content to give more information about your store, availability details...<\/p>"}},"item-1":{"type":"item","settings":{"apply_overlay":true,"title":"2001","subheading":"Sub-heading","heading":"Heading","content":"<p>Add your own custom content to give more information about your store, availability details...<\/p>"}},"item-2":{"type":"item","settings":{"apply_overlay":true,"title":"2002","subheading":"Sub-heading","heading":"Heading","content":"<p>Add your own custom content to give more information about your store, availability details...<\/p>"}}},"block_order":["item-0","item-1","item-2"],"settings":{"text_color":"#ffffff"}},"blog-posts":{"type":"blog-posts","blocks":{"blog-0":{"type":"blog","settings":{"blog":"news"}}},"block_order":["blog-0"],"settings":{"title":"Featured article","show_category":false,"button_text":"View all articles"}},"shop-the-look":{"type":"shop-the-look","blocks":{"look-0":{"type":"look","settings":{"dot_style":"light","product_1_horizontal_position":30,"product_1_vertical_position":40,"product_2_horizontal_position":45,"product_2_vertical_position":65,"product_3_horizontal_position":70,"product_3_vertical_position":50}},"look-1":{"type":"look","settings":{"dot_style":"light","product_1_horizontal_position":25,"product_1_vertical_position":45,"product_2_horizontal_position":55,"product_2_vertical_position":30,"product_3_horizontal_position":65,"product_3_vertical_position":60}}},"block_order":["look-0","look-1"],"settings":{"subheading":"Shop","title":"Our looks"}},"collection-template":{"type":"collection-template","settings":{"show_collection_info":true,"show_collection_image":false,"show_sort_by":true,"show_layout_switch":false,"toolbar_position":"bottom","filter_position":"sidebar","filter_mode":"tag","show_filter_color_swatch":true,"grid_items_per_page":16,"grid_mobile_items_per_row":"2","grid_desktop_items_per_row":4}},"recently-viewed-products":{"type":"recently-viewed-products","settings":{"show_section":true,"title":"Recently viewed","show_product_info":true}},"collection-footer":{"type":"collection-footer","settings":{"show_section":false,"text_color":"#ffffff","apply_overlay":true,"title":"Our story","content":"<p>Add your own custom content to explain your processes...<\/p>"}},"product-template":{"type":"product-template","settings":{"show_share_buttons":true,"show_vendor":true,"show_color_swatch":true,"show_color_carousel":false,"show_quantity_selector":true,"show_inventory_quantity":false,"inventory_quantity_threshold":3,"image_size":"large","enable_image_zoom":true,"show_thumbnails":false,"reviews_enabled":false}},"related-products":{"type":"related-products","settings":{"show_section":true,"title":"Related Products","show_product_info":true}}},"content_for_index":["slideshow","featured-collections","collection-list","featured-product","timeline","blog-posts","shop-the-look"]},"Vogue":{"heading_color":"#454545","text_color":"#454545","text_light_color":"#9d9d9d","link_color":"#a17c5e","background":"#ffffff","light_background":"#ffffff","product_on_sale_color":"#f94c43","button_background":"#c2a284","button_text_color":"#ffffff","header_background":"#ffffff","header_heading_color":"#454545","header_light_color":"#9d9d9d","footer_background":"#ffffff","footer_heading_color":"#454545","footer_text_color":"#9d9d9d","newsletter_popup_background":"#454545","newsletter_popup_text_color":"#ffffff","secondary_elements_background":"#f1e4d8","secondary_elements_text_color":"#373737","navigation_background":"#454545","navigation_text_color":"#ffffff","heading_font":"din_neuzeit_grotesk_n3","heading_size":"small","uppercase_heading":true,"text_font":"futura_n4","base_text_font_size":14,"currency_conversion_enabled":false,"currency_conversion_round_amounts":true,"currency_conversion_supported_currencies":"USD CAD EUR GBP","currency_conversion_money_format":"money_format","show_page_transition":true,"show_element_staggering":false,"search_mode":"product,article","product_show_price_on_hover":true,"product_show_secondary_image":false,"product_info_alignment":"center","product_image_size":"natural","product_list_horizontal_spacing":"medium","product_list_vertical_spacing":"small","cart_type":"drawer","cart_enable_notes":true,"cart_show_free_shipping_threshold":false,"cart_free_shipping_threshold":50,"checkout_logo_position":"left","checkout_logo_size":"medium","checkout_body_background_color":"#fff","checkout_input_background_color_mode":"white","checkout_sidebar_background_color":"#fafafa","checkout_accent_color":"#a17c5e","checkout_button_color":"#454545","sections":{"sidebar-menu":{"type":"sidebar-menu","settings":{"primary_menu":"main-menu","show_social_media":true}},"announcement":{"type":"announcement","settings":{"background":"#f1e4d8","text_color":"#343434","content":"Announce something here"}},"header":{"type":"header","settings":{"use_sticky_header":true,"logo_max_width":140,"navigation_menu":"main-menu","navigation_style":"inline","enable_transparent_header":true,"transparent_text_color":"#ffffff"}},"footer":{"type":"footer","blocks":{"footer-0":{"type":"text","settings":{"title":"About the shop","content":"<p>Use this text area to tell your customers about your brand and vision. You can change it in the theme settings.<\/p>","show_social_media":true}},"footer-1":{"type":"links","settings":{"menu":"footer"}},"footer-2":{"type":"newsletter","settings":{"title":"Newsletter","content":"<p>Subscribe to receive updates, access to exclusive deals, and more.<\/p>"}}},"block_order":["footer-0","footer-1","footer-2"],"settings":{"show_payment_methods":true}},"slideshow":{"type":"slideshow","blocks":{"slide-0":{"type":"image","settings":{"apply_overlay":true,"content_position":"bottomLeft","subheading":"Slide title","title":"Tell your story"}},"slide-1":{"type":"image","settings":{"apply_overlay":true,"content_position":"bottomLeft","subheading":"Slide title","title":"Tell your story"}}},"block_order":["slide-0","slide-1"],"settings":{"show_fullscreen":true,"show_arrow":false,"autoplay":true,"cycle_speed":5,"text_color":"#ffffff","button_color":"#363636"}},"featured-collections":{"type":"featured-collections","blocks":{"featured-collection-0":{"type":"collection","settings":{"grid_items_count":8,"button_text":"View all products"}}},"block_order":["featured-collection-0"],"settings":{"title":"Featured collection","layout_mode":"grid","show_product_info":true,"grid_mobile_items_per_row":"2","grid_desktop_items_per_row":4}},"collection-list":{"type":"collection-list","blocks":{"collection-0":{"type":"collection","settings":{"image_alignment":"center center","subheading":"Sub-heading","button_text":"View products","apply_overlay":true}},"collection-1":{"type":"collection","settings":{"image_alignment":"center center","subheading":"Sub-heading","button_text":"View products","apply_overlay":true}},"collection-2":{"type":"collection","settings":{"image_alignment":"center center","subheading":"Sub-heading","button_text":"View products","apply_overlay":true}}},"block_order":["collection-0","collection-1","collection-2"],"settings":{"add_spacing":true,"expand_collection":false,"text_color":"#ffffff","button_color":"#363636"}},"featured-product":{"type":"featured-product","settings":{"title":"Featured product","show_vendor":true,"show_description":true,"show_color_swatch":true,"show_color_carousel":false,"show_quantity_selector":true,"show_inventory_quantity":false,"inventory_quantity_threshold":3}},"timeline":{"type":"timeline","blocks":{"item-0":{"type":"item","settings":{"apply_overlay":true,"title":"2000","subheading":"Sub-heading","heading":"Heading","content":"<p>Add your own custom content to give more information about your store, availability details...<\/p>"}},"item-1":{"type":"item","settings":{"apply_overlay":true,"title":"2001","subheading":"Sub-heading","heading":"Heading","content":"<p>Add your own custom content to give more information about your store, availability details...<\/p>"}},"item-2":{"type":"item","settings":{"apply_overlay":true,"title":"2002","subheading":"Sub-heading","heading":"Heading","content":"<p>Add your own custom content to give more information about your store, availability details...<\/p>"}}},"block_order":["item-0","item-1","item-2"],"settings":{"text_color":"#ffffff"}},"blog-posts":{"type":"blog-posts","blocks":{"blog-0":{"type":"blog","settings":{"blog":"news"}}},"block_order":["blog-0"],"settings":{"title":"Featured article","show_category":false,"button_text":"View all articles"}},"shop-the-look":{"type":"shop-the-look","blocks":{"look-0":{"type":"look","settings":{"dot_style":"light","product_1_horizontal_position":30,"product_1_vertical_position":40,"product_2_horizontal_position":45,"product_2_vertical_position":65,"product_3_horizontal_position":70,"product_3_vertical_position":50}},"look-1":{"type":"look","settings":{"dot_style":"light","product_1_horizontal_position":25,"product_1_vertical_position":45,"product_2_horizontal_position":55,"product_2_vertical_position":30,"product_3_horizontal_position":65,"product_3_vertical_position":60}}},"block_order":["look-0","look-1"],"settings":{"subheading":"Shop","title":"Our looks"}},"collection-template":{"type":"collection-template","settings":{"show_collection_info":true,"show_collection_image":false,"show_sort_by":true,"show_layout_switch":false,"toolbar_position":"bottom","filter_position":"sidebar","filter_mode":"tag","show_filter_color_swatch":true,"grid_items_per_page":16,"grid_mobile_items_per_row":"2","grid_desktop_items_per_row":4}},"recently-viewed-products":{"type":"recently-viewed-products","settings":{"show_section":true,"title":"Recently viewed","show_product_info":true}},"collection-footer":{"type":"collection-footer","settings":{"show_section":false,"text_color":"#ffffff","apply_overlay":true,"title":"Our story","content":"<p>Add your own custom content to explain your processes...<\/p>"}},"product-template":{"type":"product-template","settings":{"show_share_buttons":true,"show_vendor":true,"show_color_swatch":true,"show_color_carousel":false,"show_quantity_selector":true,"show_inventory_quantity":false,"inventory_quantity_threshold":3,"image_size":"large","enable_image_zoom":true,"show_thumbnails":false,"reviews_enabled":false}},"related-products":{"type":"related-products","settings":{"show_section":true,"title":"Related Products","show_product_info":true}}},"content_for_index":["slideshow","featured-collections","collection-list","featured-product","timeline","blog-posts","shop-the-look"]}}}